{"cameraMode":{"drawMode":0,"name":"Shaded","section":"Shading Mode"},"sceneLighting":true,"audioPlay":false,"sceneViewState":{"m_AlwaysRefresh":true,"showFog":true,"showSkybox":true,"showFlares":true,"showImageEffects":true,"showParticleSystems":true,"showVisualEffectGraphs":true,"m_FxEnabled":true},"in2DMode":false,"pivot":{"x":-24.676870346069337,"y":-13.840224266052246,"z":-0.689228355884552},"rotation":{"x":0.37012147903442385,"y":-0.039558637887239459,"z":0.015778319910168649,"w":0.928010880947113},"size":22.414140701293947,"orthographic":false}